"","Area","Bio_Pattern","Sex","BirthSeas","Settlement","Platoon","Morph","Yr","Seas","Time","Beg/Mid","Era","0","1","2","3","4","5","6","7","8","9","10"
"5185",1,1,1,1,1,1,1,1975,1,1975,"B","VIRG",480494,293499,179277,109507,66889.7,40858,24957.2,15244.5,9311.74,5687.86,8927.37
"5186",1,1,1,1,1,1,1,1975,1,1975.5,"M","VIRG",375532,229385,140114,85585.6,52277.9,31932.8,19505.4,11914.4,7277.63,4445.37,6977.22
"5187",1,1,1,1,1,1,1,1976,1,1976,"B","INIT",243858,148955,90985.7,55576.5,33947.6,20736.1,12666.2,7736.82,4725.86,2886.68,4530.78
"5188",1,1,1,1,1,1,1,1976,1,1976.5,"M","INIT",190588,116416,71110.2,43436,26531.9,16206.4,9899.28,6046.74,3693.51,2256.09,3541.05
"5189",1,1,1,1,1,1,1,1977,1,1977,"B","TIME",1162840,134185,54654.6,49777.8,63067.1,21207.7,10497.8,5529.5,3180.12,1975.96,2634.49
"5190",1,1,1,1,1,1,1,1977,1,1977.5,"M","TIME",908821,104873,42710.8,38857.9,49128.9,16492.2,8157.54,4295.81,2470.45,1534.98,2046.53
"5191",1,1,1,1,1,1,1,1978,1,1978,"B","TIME",386108,710293,81963.9,33377.2,30333.6,38271.1,12825.3,6338.96,3337.37,1919.15,2782.21
"5192",1,1,1,1,1,1,1,1978,1,1978.5,"M","TIME",301764,555128,64009,25884.8,23237.8,29119.3,9739.89,4812.11,2533.3,1456.75,2111.85
"5193",1,1,1,1,1,1,1,1979,1,1979,"B","TIME",361607,235845,433859,49987.2,20074.3,17802,22156,7396.78,3653.02,1922.96,2708.76
"5194",1,1,1,1,1,1,1,1979,1,1979.5,"M","TIME",282615,184325,338899,38737.3,15293.3,13429.4,16669.7,5562.23,2746.72,1445.84,2036.66
"5195",1,1,1,1,1,1,1,1980,1,1980,"B","TIME",639419,220879,144060,264723,30019.2,11650.9,10130.8,12541.9,4182.68,2065.26,2618.43
"5196",1,1,1,1,1,1,1,1980,1,1980.5,"M","TIME",499741,172628,112495,204227,22391.6,8428.68,7231.1,8915.71,2970.09,1466.07,1858.52
"5197",1,1,1,1,1,1,1,1981,1,1981,"B","TIME",688743,390574,134918,87845.8,157555,16702.2,6097.6,5161.37,6337.94,2109.03,2359.88
"5198",1,1,1,1,1,1,1,1981,1,1981.5,"M","TIME",538290,305254,105345,67595.4,117852,12317.7,4481.83,3791.38,4655.14,1549.02,1733.25
"5199",1,1,1,1,1,1,1,1982,1,1982,"B","TIME",930215,420703,238572,82255.1,52013.3,88154,9084.13,3294.22,2785.03,3419.14,2410.73
"5200",1,1,1,1,1,1,1,1982,1,1982.5,"M","TIME",727013,328798,186224,63391.1,39268.7,65983.7,6787.73,2460.78,2080.32,2553.96,1800.71
"5201",1,1,1,1,1,1,1,1983,1,1983,"B","TIME",668899,568200,256971,145362,48853.3,29646.9,49389.2,5071.84,1838.21,1553.93,3252.75
"5202",1,1,1,1,1,1,1,1983,1,1983.5,"M","TIME",522780,444079,200753,112299,36704.8,21951,36446.2,3740.55,1355.56,1145.9,2398.65
"5203",1,1,1,1,1,1,1,1984,1,1984,"B","TIME",890062,408581,347071,156833,86755.8,27577.2,16252.8,26895.1,2758.71,999.647,2613.83
"5204",1,1,1,1,1,1,1,1984,1,1984.5,"M","TIME",695632,319328,271168,121719,66382,20883.3,12254.4,20252.1,2076.58,752.396,1967.25
"5205",1,1,1,1,1,1,1,1985,1,1985,"B","TIME",871955,543674,249572,211864,94466.9,50792.8,15814.1,9239.69,15249.9,1563.12,2046.91
"5206",1,1,1,1,1,1,1,1985,1,1985.5,"M","TIME",681480,424909,195020,165277,73341,39178.1,12123.8,7049.96,11598.2,1186.44,1550.37
"5207",1,1,1,1,1,1,1,1986,1,1986,"B","TIME",607756,532613,332088,152392,128934,56939.5,30219.2,9294.65,5379.19,8820.92,2074.81
"5208",1,1,1,1,1,1,1,1986,1,1986.5,"M","TIME",474994,416241,259272,118554,99697.2,43667.7,22969.8,7013.16,4038.86,6603.73,1548.86
"5209",1,1,1,1,1,1,1,1987,1,1987,"B","TIME",648587,371233,325295,202421,92228.7,77090.2,33489.4,17459.5,5291.69,3032.51,6100.09
"5210",1,1,1,1,1,1,1,1987,1,1987.5,"M","TIME",506906,290137,254021,156876,70564.9,58520.9,25351,13206.9,4002.35,2293.68,4614.27
"5211",1,1,1,1,1,1,1,1988,1,1988,"B","TIME",651262,396174,226756,198363,121579,53989.7,44424.5,19190.4,9990.18,3027.16,5225.21
"5212",1,1,1,1,1,1,1,1988,1,1988.5,"M","TIME",508996,309631,177131,153871,93046.7,41006.5,33664.9,14536.4,7567.85,2293.46,3959.6
"5213",1,1,1,1,1,1,1,1989,1,1989,"B","TIME",684925,397808,241993,138366,119359,71210.2,31145.5,25511.3,11011.1,5732.86,4738.14
"5214",1,1,1,1,1,1,1,1989,1,1989.5,"M","TIME",535306,310869,188683,106899,90958.2,53763.5,23432.5,19175.8,8274.95,4308.22,3560.8
"5215",1,1,1,1,1,1,1,1990,1,1990,"B","TIME",774589,418370,242931,147117,82587.6,69315.4,40591.3,17629.7,14413.7,6218.73,5913.62
"5216",1,1,1,1,1,1,1,1990,1,1990.5,"M","TIME",605383,326974,189734,114212,62928.5,51454.5,29531.7,12695.7,10338.3,4454.57,4234.48
"5217",1,1,1,1,1,1,1,1991,1,1991,"B","TIME",569212,473139,255544,148186,88665.8,47949,38195.9,21485.4,9142.52,7415.25,6222.99
"5218",1,1,1,1,1,1,1,1991,1,1991.5,"M","TIME",444870,369778,199575,114959,67309.8,35292.6,27464.2,15277.4,6476.49,5248.5,4406.59
"5219",1,1,1,1,1,1,1,1992,1,1992,"B","TIME",423009,347690,288997,155864,89182.6,51097.6,25977,19747.7,10863.1,4587.9,6835.25
"5220",1,1,1,1,1,1,1,1992,1,1992.5,"M","TIME",330604,271733,225689,120808,67404.4,37240.4,18417.5,13817.8,7567.05,3192.44,4758.12
"5221",1,1,1,1,1,1,1,1993,1,1993,"B","TIME",358870,258385,212371,176249,93637.1,50944.3,27141.2,13057.9,9668.59,5271.06,5533.63
"5222",1,1,1,1,1,1,1,1993,1,1993.5,"M","TIME",280477,201939,165885,136916,71387,37791.7,19726.2,9402.3,6942.41,3783.45,3975.25
"5223",1,1,1,1,1,1,1,1994,1,1994,"B","TIME",419132,219208,157824,129574,106360,54424,28034.8,14337.1,6770.11,4984.91,5571.42
"5224",1,1,1,1,1,1,1,1994,1,1994.5,"M","TIME",327574,171321,123291,100764,81428.1,40725.2,20624.4,10467.4,4932.24,3631.1,4061.9
"5225",1,1,1,1,1,1,1,1995,1,1995,"B","TIME",534933,256017,133895,96313,78359.1,62340.3,30474.5,15172.8,7642.17,3593.28,5606.32
"5226",1,1,1,1,1,1,1,1995,1,1995.5,"M","TIME",418079,200088,104578,74738.1,59408.9,45663.9,21763,10718.4,5384.47,2532.28,3958.32
"5227",1,1,1,1,1,1,1,1996,1,1996,"B","TIME",398329,326751,156377,81680.8,57996.1,45041.6,33448.5,15541.8,7571.67,3793.75,4579.31
"5228",1,1,1,1,1,1,1,1996,1,1996.5,"M","TIME",311315,255369,122122,63313.9,43827,32802.9,23695.6,10872.1,5276.69,2642.58,3193.41
"5229",1,1,1,1,1,1,1,1997,1,1997,"B","TIME",361378,243310,199582,95370.8,49077.1,33119.6,23889.7,16786.5,7605.44,3677.32,4067.66
"5230",1,1,1,1,1,1,1,1997,1,1997.5,"M","TIME",282437,190156,155830,73740.8,36660.3,23513.6,16334.5,11291.1,5094.13,2463.22,2731.36
"5231",1,1,1,1,1,1,1,1998,1,1998,"B","TIME",339854,220739,148614,121670,57016.5,27385,16693.7,11168.7,7594.73,3412.05,3484.02
"5232",1,1,1,1,1,1,1,1998,1,1998.5,"M","TIME",265614,172516,116029,93979.2,42318.6,19143.8,11172.3,7343.85,4977.42,2239.12,2296.41
"5233",1,1,1,1,1,1,1,1999,1,1999,"B","TIME",504029,207592,134827,90589.6,72590.5,31409.6,13382.7,7477.17,4828.87,3262.1,2983.03
"5234",1,1,1,1,1,1,1,1999,1,1999.5,"M","TIME",393926,162241,105257,69805.3,53022.5,21114.5,8482.86,4641.84,2995.19,2032.61,1876.27
"5235",1,1,1,1,1,1,1,2000,1,2000,"B","TIME",494146,307874,126797,82171.4,53789.7,38729.3,14193.8,5377,2881.66,1857.82,2446.67
"5236",1,1,1,1,1,1,1,2000,1,2000.5,"M","TIME",386202,240616,99009.9,63454.6,39604.6,26457.3,9198.89,3422.85,1834.52,1188.32,1579.43
"5237",1,1,1,1,1,1,1,2001,1,2001,"B","TIME",296645,301837,188051,77312.4,49001.1,29160.3,18073.9,5961.74,2178.89,1167.89,1779.69
"5238",1,1,1,1,1,1,1,2001,1,2001.5,"M","TIME",231844,235898,146841,59770.8,36440.8,20439.4,12135.9,3935,1433.87,769.68,1178.16
"5239",1,1,1,1,1,1,1,2002,1,2002,"B","TIME",257487,181199,184363,114662,46209.3,27100,14326.6,8148.77,2597.26,943.594,1287.2
"5240",1,1,1,1,1,1,1,2002,1,2002.5,"M","TIME",201240,141614,143972,88617.3,34189.7,18731.6,9430.92,5266.8,1675.26,610.264,837.781
"5241",1,1,1,1,1,1,1,2003,1,2003,"B","TIME",301870,157280,110677,112429,68488.6,25296.5,12947.3,6208.18,3404.1,1080.56,939.96
"5242",1,1,1,1,1,1,1,2003,1,2003.5,"M","TIME",235927,122921,86434.3,86949.8,50785.3,17556,8574.79,4044.85,2216.82,706.329,619.098
"5243",1,1,1,1,1,1,1,2004,1,2004,"B","TIME",294189,184390,96068,67501.5,67244.7,37658.1,12184,5678.96,2635.36,1443.64,869.468
"5244",1,1,1,1,1,1,1,2004,1,2004.5,"M","TIME",229925,144109,75029.7,52218.8,49831.1,26057.6,8036.92,3687.87,1712.79,942.837,573.011
"5245",1,1,1,1,1,1,1,2005,1,2005,"B","TIME",534749,179699,112627,58598.7,40396.2,36926.9,18030.6,5301.36,2394.87,1113.19,993.401
"5246",1,1,1,1,1,1,1,2005,1,2005.5,"M","TIME",417935,140443,87992.3,45458.9,30247,26101.7,12224.2,3536.75,1594.37,742.749,666.638
"5247",1,1,1,1,1,1,1,2006,1,2006,"B","TIME",732468,326639,109764,68745.7,35265.4,22647.7,18450,8287.63,2359.51,1061.45,942.939
"5248",1,1,1,1,1,1,1,2006,1,2006.5,"M","TIME",572463,255285,85752,53275.2,26259.2,15826.8,12330.1,5448.71,1549.07,698.903,625.052
"5249",1,1,1,1,1,1,1,2007,1,2007,"B","TIME",532209,447411,199518,66993.2,41286.3,19553,11060.2,8240.18,3582.25,1016.99,874.52
"5250",1,1,1,1,1,1,1,2007,1,2007.5,"M","TIME",415950,349662,155729,51615.2,30176.1,13199.7,7093.82,5216.27,2277.95,651.733,567.495
"5251",1,1,1,1,1,1,1,2008,1,2008,"B","TIME",783890,325087,273268,121551,39767.1,22055.6,8910.75,4549.85,3302.05,1448.54,785.919
"5252",1,1,1,1,1,1,1,2008,1,2008.5,"M","TIME",612652,254058,213169,93184.5,28533.4,14355.3,5445.84,2733.2,1991.81,881.091,484.723
"5253",1,1,1,1,1,1,1,2009,1,2009,"B","TIME",425130,478820,198548,166287,71437.9,20473.1,9343.4,3328.25,1641.9,1201.47,834.892
"5254",1,1,1,1,1,1,1,2009,1,2009.5,"M","TIME",332262,374210,154983,128089,52092.8,13743.8,5942.76,2084.96,1031.64,759.997,534.124
"5255",1,1,1,1,1,1,1,2010,1,2010,"B","TIME",514503,259681,292455,120976,98665.6,37986.2,9226.36,3779.82,1306.11,648.201,822.447
"5256",1,1,1,1,1,1,1,2010,1,2010.5,"M","TIME",402112,202945,228208,92898.5,70990.6,24782.2,5648.85,2274.63,789.418,395.148,508.537
"5257",1,1,1,1,1,1,1,2011,1,2011,"B","TIME",796742,314272,158605,178075,71337.5,51078.3,16168,3458.52,1368.84,477.127,555.326
"5258",1,1,1,1,1,1,1,2011,1,2011.5,"M","TIME",622697,245613,123819,137143,51645.9,33573.2,9984.14,2103.68,838.171,295.206,349.304
"5259",1,1,1,1,1,1,1,2012,1,2012,"B","TIME",1163520,486671,191954,96662.8,105620,37389.9,22067.2,6165.47,1279.58,513.232,402.364
"5260",1,1,1,1,1,1,1,2012,1,2012.5,"M","TIME",909351,380346,149844,74533.2,77382.1,25350.9,14230.2,3924,817.71,330.379,262.108
"5261",1,1,1,1,1,1,1,2013,1,2013,"B","TIME",712407,710707,297250,116972,57469.8,56693.7,17188.2,9176.41,2497.43,522.553,383.415
"5262",1,1,1,1,1,1,1,2013,1,2013.5,"M","TIME",556784,555435,232043,90312.9,42524.2,39388.4,11466.1,6055.35,1652.93,347.814,257.587
"5263",1,1,1,1,1,1,1,2014,1,2014,"B","TIME",235525,435157,434087,181139,69729.7,31465.4,27365.4,7648.96,3995.82,1094,404.56
"5264",1,1,1,1,1,1,1,2014,1,2014.5,"M","TIME",156508,289149,287961,118246,42746.9,17568.6,14385.8,3957.34,2076.89,573.503,215.071
"5265",1,1,1,1,1,1,1,2015,1,2015,"B","TIME",278914,104000,192130,191025,77190,26205.4,9809.32,7562.55,2047.41,1079.5,414.981
"5266",1,1,1,1,1,1,1,2015,1,2015.5,"M","TIME",185340,69104.5,127424,124207,46196.8,13819.6,4769.5,3605.6,984.665,526.242,206.694
"5267",1,1,1,1,1,1,1,2016,1,2016,"B","TIME",271411,123159,45917.5,84510.3,80761.4,27647.9,7287.83,2319.03,1719.04,473.558,359.486
"5268",1,1,1,1,1,1,1,2016,1,2016.5,"M","TIME",180354,81835.7,30460.6,55026.9,48400.6,14558.4,3533.68,1104.62,828.403,231.898,180.463
"5269",1,1,1,1,1,1,1,2017,1,2017,"B","TIME",293611,119846,54377.4,20206.8,35829.4,29006.6,7665.97,1713.39,526.158,399.207,204.152
"5270",1,1,1,1,1,1,1,2017,1,2017.5,"M","TIME",229473,93661.1,42427.9,15505.6,25751.1,18729.9,4520.91,961.029,288.632,217.033,110.877
"5271",1,1,1,1,1,1,1,2018,1,2018,"B","TIME",208612,179346,73197.2,33104.3,11898.1,18507.6,12094.1,2666.15,539.034,158.333,178.21
"5272",1,1,1,1,1,1,1,2018,1,2018.5,"M","TIME",163041,140166,57178,25724.2,9057.68,13626.4,8656.98,1879.01,377.291,110.516,124.339
"5273",1,1,1,1,1,1,1,2019,1,2019,"B","TIME",171594,127426,109545,44664.5,19989.3,6895.36,10032.5,6196.7,1324.26,264.08,163.892
"5274",1,1,1,1,1,1,1,2019,1,2019.5,"M","TIME",134110,99588.1,85565.1,34690.4,15196,5064.16,7157.4,4350.52,923.131,183.557,113.86
"5275",1,1,1,1,1,1,1,2020,1,2020,"B","TIME",187267,104814,77832,66834.3,26943.7,11552.2,3719.28,5106.25,3054.38,643.507,206.689
"5276",1,1,1,1,1,1,1,2020,1,2020.5,"M","TIME",146359,81916.9,60807.2,52067,20801.1,8799.45,2801.81,3822.94,2280.35,479.871,154.061
"5277",1,1,1,1,1,1,1,2021,1,2021,"B","TIME",217044,114388,64021.6,47506.5,40562.6,16058.9,6702.67,2110.66,2862.15,1702.48,472.679
"5278",1,1,1,1,1,1,1,2021,1,2021.5,"M","TIME",169631,89398.3,50004.3,36884.2,30806.3,11778.2,4774.73,1479.57,1992.09,1181.5,327.802
"5279",1,1,1,1,1,1,1,2022,1,2022,"B","TIME",212307,132576,69868.1,39056.1,28637,23396.7,8638.56,3401.34,1037.18,1386.51,1047.28
"5280",1,1,1,1,1,1,1,2022,1,2022.5,"M","TIME",165930,103613,54560.6,30267.6,21580.5,16868.3,6001.95,2315.42,699.663,931.863,703.242
"5281",1,1,1,1,1,1,1,2023,1,2023,"B","TIME",410739,129683,80976.6,42606.8,23456.6,16262.7,12161.5,4170.07,1576.2,471.982,1098.52
"5282",1,1,1,1,1,1,1,2023,1,2023.5,"M","TIME",321015,101352,63244.3,33062.3,17774.1,11870.3,8604.68,2900.39,1088,324.788,755.268
"5283",1,1,1,1,1,1,1,2024,1,2024,"B","TIME",480494,250891,79210.2,49395.1,25655.9,13468.3,8664.26,6088.12,2017.3,751.011,742.769
"5284",1,1,1,1,1,1,1,2024,1,2024.5,"M","TIME",375532,196080,61863.1,38310.1,19381.3,9755.35,6058.73,4175.64,1371.79,508.923,502.942
"5285",1,1,1,1,1,1,1,2025,1,2025,"B","FORE",517216,293499,153244,48315,29712.8,14641.3,7066,4236.75,2863.93,932.832,685.422
"5286",1,1,1,1,1,1,1,2025,1,2025.5,"M","FORE",404232,229376,119614,37231.4,21791.8,9966.23,4561.17,2678.75,1804.44,588.803,435.216
"5287",1,1,1,1,1,1,1,2026,1,2026,"B","FORE",517216,315929,179263,93364.8,28690.5,15982.4,6783.96,2944.28,1693.68,1136.91,647.997
"5288",1,1,1,1,1,1,1,2026,1,2026.5,"M","FORE",404232,246907,139939,72034.5,21157.8,11009.7,4452.02,1895.95,1087.15,730.975,418.898
"5289",1,1,1,1,1,1,1,2027,1,2027,"B","FORE",517216,315929,192965,109242,55577.4,15602.9,7584.2,2921.67,1220.88,697.831,740.778
"5290",1,1,1,1,1,1,1,2027,1,2027.5,"M","FORE",404232,246906,150615,84161.3,40717.3,10595.9,4879.8,1840.63,766.417,438.876,468.708
"5291",1,1,1,1,1,1,1,2028,1,2028,"B","FORE",517216,315929,192963,117560,64839,29830.4,7195.68,3139.75,1159.58,481.124,572.578
"5292",1,1,1,1,1,1,1,2028,1,2028.5,"M","FORE",404232,246904,150566,90253.4,46759.6,19575.5,4415.39,1876.73,690.064,286.971,344.096
"5293",1,1,1,1,1,1,1,2029,1,2029,"B","FORE",517216,315929,192960,117484,69289.5,33721.4,12846,2709.36,1121.79,410.654,377.955
"5294",1,1,1,1,1,1,1,2029,1,2029.5,"M","FORE",404232,246903,150549,90103.6,49741.3,21910.1,7774.87,1594.98,657.309,241.205,223.768
"5295",1,1,1,1,1,1,1,2030,1,2030,"B","FORE",517216,315929,192959,117460,69104.3,35708.1,14235.9,4705.64,938.953,385.149,274.158
"5296",1,1,1,1,1,1,1,2030,1,2030.5,"M","FORE",404232,246903,150549,90085.3,49608.4,23201,8616.08,2770.17,550.177,226.224,162.315
"5297",1,1,1,1,1,1,1,2031,1,2031,"B","FORE",517216,315929,192959,117460,69090.3,35612.7,15074.6,5214.77,1630.78,322.375,228.975
"5298",1,1,1,1,1,1,1,2031,1,2031.5,"M","FORE",404232,246903,150549,90084.8,49598.3,23139,9123.69,3069.9,955.553,189.353,135.565
"5299",1,1,1,1,1,1,1,2032,1,2032,"B","FORE",517216,315929,192959,117460,69089.9,35605.4,15034.3,5522,1807.23,559.904,191.481
"5300",1,1,1,1,1,1,1,2032,1,2032.5,"M","FORE",404232,246903,150549,90084.8,49598,23134.2,9099.31,3250.76,1058.94,328.87,113.366
"5301",1,1,1,1,1,1,1,2033,1,2033,"B","FORE",517216,315929,192959,117460,69089.9,35605.2,15031.2,5507.24,1913.7,620.484,260.286
"5302",1,1,1,1,1,1,1,2033,1,2033.5,"M","FORE",404232,246903,150549,90084.8,49598,23134.1,9097.46,3242.07,1121.33,364.452,154.102
"5303",1,1,1,1,1,1,1,2034,1,2034,"B","FORE",517216,315929,192959,117460,69089.9,35605.2,15031.2,5506.12,1908.59,657.04,305.304
"5304",1,1,1,1,1,1,1,2034,1,2034.5,"M","FORE",404232,246903,150549,90084.8,49598,23134.1,9097.41,3241.41,1118.33,385.924,180.755
"5305",1,1,1,1,1,1,1,2035,1,2035,"B","FORE",517216,315929,192959,117460,69089.9,35605.2,15031.2,5506.09,1908.2,655.284,333.695
"5306",1,1,1,1,1,1,1,2035,1,2035.5,"M","FORE",404232,246903,150549,90084.8,49598,23134.1,9097.41,3241.4,1118.1,384.893,197.564
"5307",1,1,1,1,1,1,1,2036,1,2036,"B","FORE",517216,315929,192959,117460,69089.9,35605.2,15031.2,5506.09,1908.19,655.151,343.041
"5308",1,1,1,1,1,1,1,2036,1,2036.5,"M","FORE",404232,246903,150549,90084.8,49598,23134.1,9097.41,3241.4,1118.1,384.814,203.098
"5309",1,1,1,1,1,1,1,2037,1,2037,"B","FORE",517216,315929,192959,117460,69089.9,35605.2,15031.2,5506.09,1908.19,655.147,346.271
"5310",1,1,1,1,1,1,1,2037,1,2037.5,"M","FORE",404232,246903,150549,90084.8,49598,23134.1,9097.41,3241.4,1118.1,384.812,205.01
"5311",1,1,1,1,1,1,1,2038,1,2038,"B","FORE",517216,315929,192959,117460,69089.9,35605.2,15031.2,5506.09,1908.19,655.147,347.402
"5312",1,1,1,1,1,1,1,2038,1,2038.5,"M","FORE",404232,246903,150549,90084.8,49598,23134.1,9097.41,3241.4,1118.1,384.812,205.68
"5313",1,1,1,1,1,1,1,2039,1,2039,"B","FORE",517216,315929,192959,117460,69089.9,35605.2,15031.2,5506.09,1908.19,655.147,347.799
"5314",1,1,1,1,1,1,1,2039,1,2039.5,"M","FORE",404232,246903,150549,90084.8,49598,23134.1,9097.41,3241.4,1118.1,384.812,205.914
