"Year","Total Biomass (mt)","Spawning Biomass (mt)","Total Biomass 2+ (mt)","Fraction Unfished","Age-0 Recruits","Total Mortality (mt)","(1-SPR)/(1-SPR_40%)","Exploitation Rate"
1966,"1,539,620","581,565","1,388,750","28.4","1,117,340",137700,"0.702",0.0991539153915392
1967,"1,597,460","578,636","1,469,070","28.3","2,992,440",214370,"0.905",0.145922250131035
1968,"1,666,270","578,059","1,405,740","28.2","1,841,810",122180,"0.713",0.086915076756726
1969,"1,906,880","638,387","1,753,740","31.2","599,594",180130,"0.837",0.102711918528402
1970,"2,012,850","751,753","1,897,520","36.7","5,044,900",234590,"0.905",0.123629790463342
1971,"2,151,680","769,892","1,746,440","37.6","587,696",154620,"0.719",0.0885343899590023
1972,"2,418,210","808,580","2,367,220","39.5","348,621",117540,"0.576",0.0496531796791173
1973,"2,470,630","1,036,620","2,398,430","50.6","3,314,660",162640,"0.622",0.0678110263797568
1974,"2,491,910","1,028,340","2,227,340","50.2","261,620",211260,"0.697",0.0948485637576661
1975,"3,072,910","1,166,470","2,981,880","57.0","1,041,060",221350,"0.772",0.0742316927575892
1976,"3,249,580","1,423,820","3,156,880","69.5","156,028",237520,"0.692",0.0752388434150174
1977,"3,037,730","1,230,970","2,808,760","60.1","3,964,260",132690,"0.484",0.0472414873467295
1978,"2,508,350","1,051,160","2,267,520","51.3","102,506",103637,"0.482",0.0457049992943833
1979,"2,871,520","1,114,600","2,823,930","54.4","850,951",137110,"0.508",0.0485529032235218
1980,"3,079,420","1,130,510","2,505,610","55.2","11,460,600",89929.9,"0.401",0.0358914196542958
1981,"3,301,280","1,048,380","2,284,750","51.2","187,027",139120,"0.550",0.0608906882591093
1982,"3,748,970","1,097,910","3,723,470","53.6","191,830",107737,"0.464",0.0289345690981799
1983,"3,665,980","1,598,400","3,633,220","78.1","354,693",113931,"0.444",0.0313581341069354
1984,"3,907,820","1,686,750","3,563,610","82.4","9,532,250",138492,"0.499",0.0388628385261013
1985,"4,610,150","1,491,670","3,248,010","72.8","101,068",110399,"0.329",0.0339897352532782
1986,"4,682,060","1,574,980","4,665,530","76.9","143,190",210582,"0.557",0.0451357080546047
1987,"4,292,920","1,855,430","4,173,680","90.6","4,589,620",234148,"0.615",0.0561010906442276
1988,"4,401,230","1,828,270","3,844,120","89.3","1,607,490",248840,"0.616",0.0647326306150692
1989,"4,069,340","1,527,430","3,884,530","74.6","116,566",298079,"0.689",0.0767348945689697
1990,"3,786,350","1,623,170","3,724,750","79.3","3,104,990",261286,"0.615",0.0701486005772199
1991,"3,633,130","1,518,890","3,270,010","74.2","979,659",319705,"0.856",0.0977688141626478
1992,"3,134,540","1,267,140","3,023,810","61.9","120,712",299650,"0.766",0.0990968347879
1993,"2,385,970","1,010,970","2,335,940","49.4","2,415,030",198905,"0.645",0.0851498754248825
1994,"2,400,290","991,698","2,126,110","48.4","2,498,010",362407,"0.751",0.170455432691629
1995,"2,371,220","851,311","2,128,650","41.6","1,023,270",249495,"0.676",0.117208089634275
1996,"2,283,660","833,575","2,176,290","40.7","1,438,360",306298,"0.831",0.140743191394529
1997,"2,179,660","861,782","2,058,860","42.1","746,111",325147,"0.847",0.157925745315369
1998,"1,792,950","732,346","1,718,880","35.8","1,502,390",320722,"0.995",0.186587778088057
1999,"1,740,450","611,163","1,423,300","29.8","9,784,710",311887,"1.096",0.219129487810019
2000,"3,200,520","646,378","1,673,340","31.6","295,616",228777,"0.819",0.136718778012837
2001,"3,319,850","888,015","3,293,440","43.4","927,183",227525,"0.828",0.0690843009133307
2002,"3,625,080","1,532,140","3,567,050","74.8","38,699",180697,"0.615",0.0506572658078805
2003,"3,212,560","1,462,310","3,189,540","71.4","1,323,120",205162,"0.563",0.0643233820550926
2004,"2,691,430","1,180,530","2,573,630","57.6","39,122",342307,"0.851",0.133005521384193
2005,"2,190,330","928,614","2,155,390","45.3","2,095,330",363135,"0.831",0.168477630498425
2006,"1,907,940","753,023","1,656,780","36.8","1,608,750",361699,"0.934",0.218314441265587
2007,"1,516,040","583,554","1,457,050","28.5","21,821",291238,"0.985",0.199881953261727
2008,"1,540,420","582,381","1,478,070","28.4","4,221,130",323101,"1.017",0.218596548201371
2009,"1,312,030","495,018","1,070,760","24.2","1,113,570",178683,"0.911",0.166874929956293
2010,"1,768,560","490,523","1,516,770","24.0","11,814,600",228059,"1.057",0.150358327234848
2011,"2,310,810","603,732","1,489,500","29.5","337,135",287331,"1.014",0.192904330312185
2012,"2,933,550","773,157","2,884,470","37.8","1,148,500",207200,"0.808",0.0718329537142005
2013,"3,442,740","1,422,530","3,317,280","69.5","308,235",285827,"0.796",0.0861630613032364
2014,"3,526,220","1,522,170","3,432,200","74.3","6,543,420",299254,"0.761",0.0871901404347066
2015,"2,974,030","1,159,130","2,566,600","56.6","43,980",193838,"0.585",0.0755232603444245
2016,"3,039,830","1,035,880","2,992,300","50.6","4,518,030",332067,"0.877",0.110973832837617
2017,"3,455,380","1,298,340","2,920,520","63.4","1,810,690",440942,"0.898",0.150980647281991
2018,"3,645,570","1,236,700","3,360,270","60.4","547,256",413718,"0.851",0.12312046353418
2019,"3,153,290","1,289,090","3,108,170","62.9","738,207",412004,"0.846",0.132555169118806
2020,"2,718,390","1,158,770","2,573,540","56.6","4,244,830",380388,"0.749",0.147807300449964
2021,"2,739,730","1,007,470","2,270,090","49.2","783,935",326629,"0.696",0.143883722671788
2022,"2,583,480","857,143","2,490,420","41.9","773,497",457346,"0.980",0.183642116590776
2023,"2,260,580","913,025","2,168,510","44.6","777,745",390936,"0.982",0.180278624493316
2024,"1,862,670","778,000","1,770,350","38.0","766,539",372934,"1.006",0.210655520094896
2025,"1,423,750","580,207","1,353,370","28.3","741,898",317665,"1.103",0.234721473063538
