"file","caption","category","png_time","StartTime"
"bio1_sizeatage.png","Length at age in the beginning of the year (or season) in the ending year of the model. Shaded area indicates 95% distribution of length at age around estimated growth curve.","Bio",2018-10-18 21:48:13,"StartTime: Thu Oct 18 12:34:24 2018"
"bio2_sizeatage_plus_CV_and_SD.png","Length at age (top-left panel) with CV (thick line) and SD (thin line) of length at age shown in top-right and lower-left panels","Bio",2018-10-18 21:48:13,"StartTime: Thu Oct 18 12:34:24 2018"
"bio3_sizeatage_plus_WT_and_MAT.png","Length at age (top-left panel) with weight (thick line) and maturity (thin line) shown in top-right and lower-left panels","Bio",2018-10-18 21:48:13,"StartTime: Thu Oct 18 12:34:24 2018"
"bio1B_len_at_age_matrix_1.png","Distribution of length at age for seas: 1 sub_seas: 1 morph: 1","Bio",2018-10-18 21:48:13,"StartTime: Thu Oct 18 12:34:24 2018"
"bio1B_len_at_age_matrix_2.png","Distribution of length at age for seas: 1 sub_seas: 2 morph: 1","Bio",2018-10-18 21:48:13,"StartTime: Thu Oct 18 12:34:24 2018"
"bio5_weightatsize.png","Weight-length relationship","Bio",2018-10-18 21:48:13,"StartTime: Thu Oct 18 12:34:24 2018"
"bio6_maturity.png","Maturity at length","Bio",2018-10-18 21:48:13,"StartTime: Thu Oct 18 12:34:24 2018"
"bio7_fecundity.png","Fecundity","Bio",2018-10-18 21:48:13,"StartTime: Thu Oct 18 12:34:24 2018"
"bio10_spawningoutput_len.png","Spawning output at length. This is the product of maturity and fecundity unless maturity is age-based, in which case only fecundity is represented.","Bio",2018-10-18 21:48:13,"StartTime: Thu Oct 18 12:34:24 2018"
"bio11_spawningoutput_age.png","Spawning output at age. This is the product of maturity and fecundity. When these processes are length-based they are converted into the age dimension using the matrix of length at age.","Bio",2018-10-18 21:48:13,"StartTime: Thu Oct 18 12:34:24 2018"
"bio24_time-varying_NatM_p_1_Fem_GP_1.png","Time-varying mortality and growth parameters","Bio",2018-10-18 21:48:13,"StartTime: Thu Oct 18 12:34:24 2018"
"sel01_multiple_fleets_length1.png","Selectivity at length for multiple fleets.","Sel",2018-10-18 21:48:13,"StartTime: Thu Oct 18 12:34:24 2018"
"sel02_multiple_fleets_age1.png","Selectivity at age for multiple fleets.","Sel",2018-10-18 21:48:13,"StartTime: Thu Oct 18 12:34:24 2018"
"sel02_multiple_fleets_age2.png","Selectivity at age derived from selectivity at length for multiple fleets.","Sel",2018-10-18 21:48:13,"StartTime: Thu Oct 18 12:34:24 2018"
"sel03_len_timevary_surf_flt1sex1.png","Surface plot of Time-varying selectivity for FshTrawl","Sel",2018-10-18 21:48:13,"StartTime: Thu Oct 18 12:34:24 2018"
"sel04_len_timevary_contour_flt1sex1.png","Countour plot of Time-varying selectivity for FshTrawl","Sel",2018-10-18 21:48:13,"StartTime: Thu Oct 18 12:34:24 2018"
"sel09_len_flt1sex1.png","Ending year selectivity for FshTrawl","Sel",2018-10-18 21:48:13,"StartTime: Thu Oct 18 12:34:24 2018"
"sel03_len_timevary_surf_flt2sex1.png","Surface plot of Time-varying selectivity for FshLL","Sel",2018-10-18 21:48:13,"StartTime: Thu Oct 18 12:34:24 2018"
"sel04_len_timevary_contour_flt2sex1.png","Countour plot of Time-varying selectivity for FshLL","Sel",2018-10-18 21:48:13,"StartTime: Thu Oct 18 12:34:24 2018"
"sel09_len_flt2sex1.png","Ending year selectivity for FshLL","Sel",2018-10-18 21:48:13,"StartTime: Thu Oct 18 12:34:24 2018"
"sel03_len_timevary_surf_flt3sex1.png","Surface plot of Time-varying selectivity for FshPot","Sel",2018-10-18 21:48:13,"StartTime: Thu Oct 18 12:34:24 2018"
"sel04_len_timevary_contour_flt3sex1.png","Countour plot of Time-varying selectivity for FshPot","Sel",2018-10-18 21:48:13,"StartTime: Thu Oct 18 12:34:24 2018"
"sel09_len_flt3sex1.png","Ending year selectivity for FshPot","Sel",2018-10-18 21:48:13,"StartTime: Thu Oct 18 12:34:24 2018"
"sel03_len_timevary_surf_flt4sex1.png","Surface plot of Time-varying selectivity for Srv","Sel",2018-10-18 21:48:13,"StartTime: Thu Oct 18 12:34:24 2018"
"sel04_len_timevary_contour_flt4sex1.png","Countour plot of Time-varying selectivity for Srv","Sel",2018-10-18 21:48:13,"StartTime: Thu Oct 18 12:34:24 2018"
"sel09_len_flt4sex1.png","Ending year selectivity for Srv","Sel",2018-10-18 21:48:13,"StartTime: Thu Oct 18 12:34:24 2018"
"sel09_len_flt5sex1.png","Ending year selectivity for LLSrv","Sel",2018-10-18 21:48:13,"StartTime: Thu Oct 18 12:34:24 2018"
"sel03_len_timevary_surf_flt6sex1.png","Surface plot of Time-varying selectivity for IPHCLL","Sel",2018-10-18 21:48:13,"StartTime: Thu Oct 18 12:34:24 2018"
"sel04_len_timevary_contour_flt6sex1.png","Countour plot of Time-varying selectivity for IPHCLL","Sel",2018-10-18 21:48:13,"StartTime: Thu Oct 18 12:34:24 2018"
"sel09_len_flt6sex1.png","Ending year selectivity for IPHCLL","Sel",2018-10-18 21:48:13,"StartTime: Thu Oct 18 12:34:24 2018"
"sel03_len_timevary_surf_flt7sex1.png","Surface plot of Time-varying selectivity for ADFG","Sel",2018-10-18 21:48:13,"StartTime: Thu Oct 18 12:34:24 2018"
"sel04_len_timevary_contour_flt7sex1.png","Countour plot of Time-varying selectivity for ADFG","Sel",2018-10-18 21:48:13,"StartTime: Thu Oct 18 12:34:24 2018"
"sel09_len_flt7sex1.png","Ending year selectivity for ADFG","Sel",2018-10-18 21:48:13,"StartTime: Thu Oct 18 12:34:24 2018"
"sel21_agelen_contour_flt1sex1.png","Ending year selectivity and growth for FshTrawl","Sel",2018-10-18 21:48:13,"StartTime: Thu Oct 18 12:34:24 2018"
"sel21_agelen_contour_flt2sex1.png","Ending year selectivity and growth for FshLL","Sel",2018-10-18 21:48:13,"StartTime: Thu Oct 18 12:34:24 2018"
"sel21_agelen_contour_flt3sex1.png","Ending year selectivity and growth for FshPot","Sel",2018-10-18 21:48:13,"StartTime: Thu Oct 18 12:34:24 2018"
"sel21_agelen_contour_flt4sex1.png","Ending year selectivity and growth for Srv","Sel",2018-10-18 21:48:13,"StartTime: Thu Oct 18 12:34:24 2018"
"sel21_agelen_contour_flt5sex1.png","Ending year selectivity and growth for LLSrv","Sel",2018-10-18 21:48:13,"StartTime: Thu Oct 18 12:34:24 2018"
"sel21_agelen_contour_flt6sex1.png","Ending year selectivity and growth for IPHCLL","Sel",2018-10-18 21:48:13,"StartTime: Thu Oct 18 12:34:24 2018"
"sel21_agelen_contour_flt7sex1.png","Ending year selectivity and growth for ADFG","Sel",2018-10-18 21:48:13,"StartTime: Thu Oct 18 12:34:24 2018"
"ts1_Total_biomass_(mt).png","Total biomass (mt)","Timeseries",2018-10-18 21:48:13,"StartTime: Thu Oct 18 12:34:24 2018"
"ts1_Total_biomass_(mt)_with_forecast_forecast.png","Total biomass (mt) with forecast","Timeseries",2018-10-18 21:48:13,"StartTime: Thu Oct 18 12:34:24 2018"
"ts4_Summary_biomass_(mt).png","Summary biomass (mt)","Timeseries",2018-10-18 21:48:13,"StartTime: Thu Oct 18 12:34:24 2018"
"ts4_Summary_biomass_(mt)_with_forecast_forecast.png","Summary biomass (mt) with forecast","Timeseries",2018-10-18 21:48:13,"StartTime: Thu Oct 18 12:34:24 2018"
"ts7_Spawning_output.png","Spawning output","Timeseries",2018-10-18 21:48:13,"StartTime: Thu Oct 18 12:34:24 2018"
"ts7_Spawning_output_with_95_asymptotic_intervals_intervals.png","Spawning output with ~95% asymptotic intervals","Timeseries",2018-10-18 21:48:13,"StartTime: Thu Oct 18 12:34:24 2018"
"ts7_Spawning_output_with_forecast_forecast.png","Spawning output with forecast","Timeseries",2018-10-18 21:48:13,"StartTime: Thu Oct 18 12:34:24 2018"
"ts7_Spawning_output_with_forecast_with_95_asymptotic_intervals_forecast_intervals.png","Spawning output with forecast with ~95% asymptotic intervals","Timeseries",2018-10-18 21:48:13,"StartTime: Thu Oct 18 12:34:24 2018"
"ts9_Spawning_depletion.png","Spawning depletion","Timeseries",2018-10-18 21:48:13,"StartTime: Thu Oct 18 12:34:24 2018"
"ts9_Spawning_depletion_with_95_asymptotic_intervals_intervals.png","Spawning depletion with ~95% asymptotic intervals","Timeseries",2018-10-18 21:48:13,"StartTime: Thu Oct 18 12:34:24 2018"
"ts9_Spawning_depletion_with_forecast_forecast.png","Spawning depletion with forecast","Timeseries",2018-10-18 21:48:13,"StartTime: Thu Oct 18 12:34:24 2018"
"ts9_Spawning_depletion_with_forecast_with_95_asymptotic_intervals_forecast_intervals.png","Spawning depletion with forecast with ~95% asymptotic intervals","Timeseries",2018-10-18 21:48:13,"StartTime: Thu Oct 18 12:34:24 2018"
"ts11_Age-0_recruits_(1000s).png","Age-0 recruits (1,000s)","Timeseries",2018-10-18 21:48:13,"StartTime: Thu Oct 18 12:34:24 2018"
"ts11_Age-0_recruits_(1000s)_with_95_asymptotic_intervals.png","Age-0 recruits (1,000s) with ~95% asymptotic intervals","Timeseries",2018-10-18 21:48:13,"StartTime: Thu Oct 18 12:34:24 2018"
"ts11_Age-0_recruits_(1000s)_with_forecast_forecast.png","Age-0 recruits (1,000s) with forecast","Timeseries",2018-10-18 21:48:13,"StartTime: Thu Oct 18 12:34:24 2018"
"ts11_Age-0_recruits_(1000s)_with_forecast_with_95_asymptotic_intervals_forecast.png","Age-0 recruits (1,000s) with forecast with ~95% asymptotic intervals","Timeseries",2018-10-18 21:48:13,"StartTime: Thu Oct 18 12:34:24 2018"
"ts_summaryF.png","Summary F (definition of F depends on setting in starter.ss)","Timeseries",2018-10-18 21:48:13,"StartTime: Thu Oct 18 12:34:24 2018"
"recdevs1_points.png","Recruitment deviations","RecDev",2018-10-18 21:48:13,"StartTime: Thu Oct 18 12:34:24 2018"
"recdevs2_withbars.png","Recruitment deviations with 95% intervals","RecDev",2018-10-18 21:48:13,"StartTime: Thu Oct 18 12:34:24 2018"
"recdevs3_varcheck.png","Recruitment deviations variance check.<br> See later figure of transformed variance values for comparison with bias adjustment settings in the model.","RecDev",2018-10-18 21:48:13,"StartTime: Thu Oct 18 12:34:24 2018"
"recruit_fit_bias_adjust.png","Points are transformed variances. Red line shows current settings forfor bias adjustment specified in control file.Blue line shows least squares estimate of alternative bias adjustmentrelationship for recruitment deviations (which may or may not be animprovement. For more information, see<br> 
<blockquote>Methot, R.D. and Taylor, I.G., 2011. Adjusting for bias due to variability of estimated recruitments in fishery assessment models. <i>Can. J. Fish. Aquat. Sci.</i>, 68:1744-1760.</blockquote><br> 
Estimated alternative inputs to SS control file associated with blue line in figure: 
<pre>1962.0   #_last_early_yr_nobias_adj_in_MPD 
1990.3   #_first_yr_fullbias_adj_in_MPD 
2014.6   #_last_yr_fullbias_adj_in_MPD 
2017.5   #_first_recent_yr_nobias_adj_in_MPD 
0.8912   #_max_bias_adj_in_MPD (1.0 to mimic pre-2009 models)   </pre>","RecDev",2018-10-18 21:48:13,"StartTime: Thu Oct 18 12:34:24 2018"
"SR_curve.png","Stock-recruit curve.  Point colors indicate year, with warmer colors indicating earlier years and cooler colors in showing later years.","S-R",2018-10-18 21:48:13,"StartTime: Thu Oct 18 12:34:24 2018"
"SR_curve2.png","Stock-recruit curve with labels on first, last, and years with (log) deviations > 0.5. Point colors indicate year, with warmer colors indicating earlier years and cooler colors in showing later years.","S-R",2018-10-18 21:48:13,"StartTime: Thu Oct 18 12:34:24 2018"
"SR_resids.png","Deviations around the stock-recruit curve. Labels are on first, last, and years with (log) deviations > 0.5. Point colors indicate year, with warmer colors indicating earlier years and cooler colors in showing later years.","S-R",2018-10-18 21:48:13,"StartTime: Thu Oct 18 12:34:24 2018"
"catch1 landings.png","landings","Catch",2018-10-18 21:48:13,"StartTime: Thu Oct 18 12:34:24 2018"
"catch2 landings stacked.png","landings stacked","Catch",2018-10-18 21:48:13,"StartTime: Thu Oct 18 12:34:24 2018"
"catch9 harvest rate.png","harvest rate","Catch",2018-10-18 21:48:13,"StartTime: Thu Oct 18 12:34:24 2018"
"SPR1_series.png","Timeseries of SPR","SPR",2018-10-18 21:48:13,"StartTime: Thu Oct 18 12:34:24 2018"
"SPR2_minusSPRseries.png","Timeseries of 1-SPR","SPR",2018-10-18 21:48:13,"StartTime: Thu Oct 18 12:34:24 2018"
"SPR3_ratiointerval.png","Timeseries of SPR ratio","SPR",2018-10-18 21:48:13,"StartTime: Thu Oct 18 12:34:24 2018"
"SPR4_phase.png","Phase plot of biomass ratio vs. SPR ratio","SPR",2018-10-18 21:48:13,"StartTime: Thu Oct 18 12:34:24 2018"
"index1_cpuedata_Srv.png","Index data for Srv. Lines indicate 95% uncertainty interval around index values. Thicker lines (if present) indicate input uncertainty before addition of estimated additional uncertainty parameter.","Index",2018-10-18 21:48:13,"StartTime: Thu Oct 18 12:34:24 2018"
"index2_cpuefit_Srv.png","Fit to index data for Srv. Lines indicate 95% uncertainty interval around index values. Thicker lines (if present) indicate input uncertainty before addition of estimated additional uncertainty parameter.","Index",2018-10-18 21:48:13,"StartTime: Thu Oct 18 12:34:24 2018"
"index3_cpuecheck_Srv.png","Observed vs. expected index values with smoother for Srv","Index",2018-10-18 21:48:13,"StartTime: Thu Oct 18 12:34:24 2018"
"index4_logcpuedata_Srv.png","Log index data for Srv. Lines indicate 95% uncertainty interval around index values. Thicker lines (if present) indicate input uncertainty before addition of estimated additional uncertainty parameter.","Index",2018-10-18 21:48:13,"StartTime: Thu Oct 18 12:34:24 2018"
"index5_logcpuefit_Srv.png","Fit to log index data on log scale for Srv. Lines indicate 95% uncertainty interval around index values. Thicker lines (if present) indicate input uncertainty before addition of estimated additional uncertainty parameter.","Index",2018-10-18 21:48:13,"StartTime: Thu Oct 18 12:34:24 2018"
"index6_logcpuecheck_Srv.png","log(observed) vs. log(expected) index values with smoother for Srv","Index",2018-10-18 21:48:13,"StartTime: Thu Oct 18 12:34:24 2018"
"index1_cpuedata_LLSrv.png","Index data for LLSrv. Lines indicate 95% uncertainty interval around index values. Thicker lines (if present) indicate input uncertainty before addition of estimated additional uncertainty parameter.","Index",2018-10-18 21:48:13,"StartTime: Thu Oct 18 12:34:24 2018"
"index2_cpuefit_LLSrv.png","Fit to index data for LLSrv. Lines indicate 95% uncertainty interval around index values. Thicker lines (if present) indicate input uncertainty before addition of estimated additional uncertainty parameter.","Index",2018-10-18 21:48:13,"StartTime: Thu Oct 18 12:34:24 2018"
"index3_cpuecheck_LLSrv.png","Observed vs. expected index values with smoother for LLSrv","Index",2018-10-18 21:48:13,"StartTime: Thu Oct 18 12:34:24 2018"
"index4_logcpuedata_LLSrv.png","Log index data for LLSrv. Lines indicate 95% uncertainty interval around index values. Thicker lines (if present) indicate input uncertainty before addition of estimated additional uncertainty parameter.","Index",2018-10-18 21:48:13,"StartTime: Thu Oct 18 12:34:24 2018"
"index5_logcpuefit_LLSrv.png","Fit to log index data on log scale for LLSrv. Lines indicate 95% uncertainty interval around index values. Thicker lines (if present) indicate input uncertainty before addition of estimated additional uncertainty parameter.","Index",2018-10-18 21:48:13,"StartTime: Thu Oct 18 12:34:24 2018"
"index6_logcpuecheck_LLSrv.png","log(observed) vs. log(expected) index values with smoother for LLSrv","Index",2018-10-18 21:48:13,"StartTime: Thu Oct 18 12:34:24 2018"
"index7_timevaryingQ_LLSrv.png","Timeseries of catchability for LLSrv","Index",2018-10-18 21:48:13,"StartTime: Thu Oct 18 12:34:24 2018"
"index8_Q_vs_Vuln_bio_LLSrv.png","Catchability vs. vulnerable biomass for fleet LLSrv<br> 
This plot should illustrate curvature of nonlinear catchability relationship<br> 
Or reveal patterns associated with random-walk catchability<br> 
It was inspired by Jim Thorson, so blame him if you don't like it.","Index",2018-10-18 21:48:13,"StartTime: Thu Oct 18 12:34:24 2018"
"index9_standcpueall.png","Standardized indices overlaid","Index",2018-10-18 21:48:13,"StartTime: Thu Oct 18 12:34:24 2018"
"numbers1_sex1_beg.png","Beginning of year expected numbers at age in (max ~ 1.3 billion)","Numbers",2018-10-18 21:48:13,"StartTime: Thu Oct 18 12:34:24 2018"
"numbers1_sex1_mid.png","Middle of year expected numbers at age in (max ~ 1.0 billion)","Numbers",2018-10-18 21:48:13,"StartTime: Thu Oct 18 12:34:24 2018"
"numbers6_len_sex1.png","Beginning of year expected numbers at length in (max ~ 794.1 million)","Numbers",2018-10-18 21:48:13,"StartTime: Thu Oct 18 12:34:24 2018"
"numbers6_len_sex1.png","Middle of year expected numbers at length in (max ~ 136.3 million)","Numbers",2018-10-18 21:48:13,"StartTime: Thu Oct 18 12:34:24 2018"
"numbers4_equilagecomp.png","Equilibrium age distribution","Numbers",2018-10-18 21:48:13,"StartTime: Thu Oct 18 12:34:24 2018"
"numbers5_ageerrorSD.png","Ageing imprecision: SD of observed age (yr)","Numbers",2018-10-18 21:48:13,"StartTime: Thu Oct 18 12:34:24 2018"
"numbers5_ageerror_matrix_1.png","Ageing imprecision: matrix for method 1 <br>(White = 1.0, Orange = 0.5, Red = 0.0)","Numbers",2018-10-18 21:48:13,"StartTime: Thu Oct 18 12:34:24 2018"
"numbers5_ageerror_matrix_2.png","Ageing imprecision: matrix for method 2 <br>(White = 1.0, Orange = 0.5, Red = 0.0)","Numbers",2018-10-18 21:48:13,"StartTime: Thu Oct 18 12:34:24 2018"
"numbers10_ageerror_matrix_1.png","Distribution of observed age at true age 
 for ageing error type 1","Numbers",2018-10-18 21:48:13,"StartTime: Thu Oct 18 12:34:24 2018"
"numbers10_ageerror_matrix_2.png","Distribution of observed age at true age 
 for ageing error type 2","Numbers",2018-10-18 21:48:13,"StartTime: Thu Oct 18 12:34:24 2018"
"comp_lendat_flt1mkt0_page1.png","Length comp data, whole catch, FshTrawl (plot 1 of 3).<br><br>'N adj.' is the input sample size after data-weighting adjustment. N eff. is the calculated effective sample size used in the McAllister-Iannelli tuning method.","CompDat",2018-10-18 21:48:13,"StartTime: Thu Oct 18 12:34:24 2018"
"comp_lendat_flt1mkt0_page2.png","Length comp data, whole catch, FshTrawl (plot 2 of 3)","CompDat",2018-10-18 21:48:13,"StartTime: Thu Oct 18 12:34:24 2018"
"comp_lendat_flt1mkt0_page3.png","Length comp data, whole catch, FshTrawl (plot 3 of 3)","CompDat",2018-10-18 21:48:13,"StartTime: Thu Oct 18 12:34:24 2018"
"comp_lendat_bubflt1mkt0_page3.png","Length comp data, whole catch, FshTrawl (max=0.1) (plot 3 of 3)","CompDat",2018-10-18 21:48:13,"StartTime: Thu Oct 18 12:34:24 2018"
"comp_lendat_data_weighting_TA1.8_FshTrawl.png","Mean length for FshTrawl with 95% confidence intervals based on current samples sizes.","CompDat",2018-10-18 21:48:13,"StartTime: Thu Oct 18 12:34:24 2018"
"comp_lendat_flt2mkt0_page1.png","Length comp data, whole catch, FshLL (plot 1 of 3).<br><br>'N adj.' is the input sample size after data-weighting adjustment. N eff. is the calculated effective sample size used in the McAllister-Iannelli tuning method.","CompDat",2018-10-18 21:48:13,"StartTime: Thu Oct 18 12:34:24 2018"
"comp_lendat_flt2mkt0_page2.png","Length comp data, whole catch, FshLL (plot 2 of 3)","CompDat",2018-10-18 21:48:13,"StartTime: Thu Oct 18 12:34:24 2018"
"comp_lendat_flt2mkt0_page3.png","Length comp data, whole catch, FshLL (plot 3 of 3)","CompDat",2018-10-18 21:48:13,"StartTime: Thu Oct 18 12:34:24 2018"
"comp_lendat_bubflt2mkt0_page3.png","Length comp data, whole catch, FshLL (max=0.1) (plot 3 of 3)","CompDat",2018-10-18 21:48:13,"StartTime: Thu Oct 18 12:34:24 2018"
"comp_lendat_data_weighting_TA1.8_FshLL.png","Mean length for FshLL with 95% confidence intervals based on current samples sizes.","CompDat",2018-10-18 21:48:13,"StartTime: Thu Oct 18 12:34:24 2018"
"comp_lendat_flt3mkt0_page1.png","Length comp data, whole catch, FshPot (plot 1 of 2).<br><br>'N adj.' is the input sample size after data-weighting adjustment. N eff. is the calculated effective sample size used in the McAllister-Iannelli tuning method.","CompDat",2018-10-18 21:48:13,"StartTime: Thu Oct 18 12:34:24 2018"
"comp_lendat_flt3mkt0_page2.png","Length comp data, whole catch, FshPot (plot 2 of 2)","CompDat",2018-10-18 21:48:13,"StartTime: Thu Oct 18 12:34:24 2018"
"comp_lendat_bubflt3mkt0_page2.png","Length comp data, whole catch, FshPot (max=0.08) (plot 2 of 2)","CompDat",2018-10-18 21:48:13,"StartTime: Thu Oct 18 12:34:24 2018"
"comp_lendat_data_weighting_TA1.8_FshPot.png","Mean length for FshPot with 95% confidence intervals based on current samples sizes.","CompDat",2018-10-18 21:48:13,"StartTime: Thu Oct 18 12:34:24 2018"
"comp_lendat_flt4mkt0.png","Length comp data, whole catch, Srv.<br><br>'N adj.' is the input sample size after data-weighting adjustment. N eff. is the calculated effective sample size used in the McAllister-Iannelli tuning method.","CompDat",2018-10-18 21:48:13,"StartTime: Thu Oct 18 12:34:24 2018"
"comp_lendat_bubflt4mkt0.png","Length comp data, whole catch, Srv (max=0.07)","CompDat",2018-10-18 21:48:13,"StartTime: Thu Oct 18 12:34:24 2018"
"comp_lendat_data_weighting_TA1.8_Srv.png","Mean length for Srv with 95% confidence intervals based on current samples sizes.","CompDat",2018-10-18 21:48:13,"StartTime: Thu Oct 18 12:34:24 2018"
"comp_lendat_flt5mkt0_page1.png","Length comp data, whole catch, LLSrv (plot 1 of 2).<br><br>'N adj.' is the input sample size after data-weighting adjustment. N eff. is the calculated effective sample size used in the McAllister-Iannelli tuning method.","CompDat",2018-10-18 21:48:13,"StartTime: Thu Oct 18 12:34:24 2018"
"comp_lendat_flt5mkt0_page2.png","Length comp data, whole catch, LLSrv (plot 2 of 2)","CompDat",2018-10-18 21:48:13,"StartTime: Thu Oct 18 12:34:24 2018"
"comp_lendat_bubflt5mkt0_page2.png","Length comp data, whole catch, LLSrv (max=0.09) (plot 2 of 2)","CompDat",2018-10-18 21:48:13,"StartTime: Thu Oct 18 12:34:24 2018"
"comp_lendat_data_weighting_TA1.8_LLSrv.png","Mean length for LLSrv with 95% confidence intervals based on current samples sizes.","CompDat",2018-10-18 21:48:13,"StartTime: Thu Oct 18 12:34:24 2018"
"comp_lendat__aggregated_across_time.png","Length comp data, aggregated across time by fleet.
 <br> Labels 'retained' and 'discard' indicate discarded or retained sampled for each fleet. Panels without this designation represent the whole catch.
","CompDat",2018-10-18 21:48:13,"StartTime: Thu Oct 18 12:34:24 2018"
"comp_lendat__page1_multi-fleet_comparison.png","Length comp data,  comparing across fleets (plot 1 of 2)","CompDat",2018-10-18 21:48:13,"StartTime: Thu Oct 18 12:34:24 2018"
"comp_lendat__page2_multi-fleet_comparison.png","Length comp data,  comparing across fleets (plot 2 of 2)","CompDat",2018-10-18 21:48:13,"StartTime: Thu Oct 18 12:34:24 2018"
"comp_gstagedat_flt1mkt0.png","Ghost age comp data, whole catch, FshTrawl.<br><br>'N adj.' is the input sample size after data-weighting adjustment. N eff. is the calculated effective sample size used in the McAllister-Iannelli tuning method.","CompDat",2018-10-18 21:48:13,"StartTime: Thu Oct 18 12:34:24 2018"
"comp_gstagedat_bubflt1mkt0.png","Ghost age comp data, whole catch, FshTrawl (max=0.46)","CompDat",2018-10-18 21:48:13,"StartTime: Thu Oct 18 12:34:24 2018"
"comp_gstagedat_flt2mkt0.png","Ghost age comp data, whole catch, FshLL.<br><br>'N adj.' is the input sample size after data-weighting adjustment. N eff. is the calculated effective sample size used in the McAllister-Iannelli tuning method.","CompDat",2018-10-18 21:48:13,"StartTime: Thu Oct 18 12:34:24 2018"
"comp_gstagedat_bubflt2mkt0.png","Ghost age comp data, whole catch, FshLL (max=0.41)","CompDat",2018-10-18 21:48:13,"StartTime: Thu Oct 18 12:34:24 2018"
"comp_gstagedat_flt3mkt0.png","Ghost age comp data, whole catch, FshPot.<br><br>'N adj.' is the input sample size after data-weighting adjustment. N eff. is the calculated effective sample size used in the McAllister-Iannelli tuning method.","CompDat",2018-10-18 21:48:13,"StartTime: Thu Oct 18 12:34:24 2018"
"comp_gstagedat_bubflt3mkt0.png","Ghost age comp data, whole catch, FshPot (max=0.47)","CompDat",2018-10-18 21:48:13,"StartTime: Thu Oct 18 12:34:24 2018"
"comp_gstagedat_flt4mkt0.png","Ghost age comp data, whole catch, Srv.<br><br>'N adj.' is the input sample size after data-weighting adjustment. N eff. is the calculated effective sample size used in the McAllister-Iannelli tuning method.","CompDat",2018-10-18 21:48:13,"StartTime: Thu Oct 18 12:34:24 2018"
"comp_gstagedat_bubflt4mkt0.png","Ghost age comp data, whole catch, Srv (max=0.51)","CompDat",2018-10-18 21:48:13,"StartTime: Thu Oct 18 12:34:24 2018"
"comp_condAALdat_bubflt1mkt0.png","Conditional age-at-length data, whole catch, FshTrawl (max=1)","CompDat",2018-10-18 21:48:13,"StartTime: Thu Oct 18 12:34:24 2018"
"comp_condAALdat_data_weighting_TA1.8_condAgeFshTrawl.png","Mean age from conditional data (aggregated across length bins) for FshTrawl with 95% confidence intervals  based on current samples sizes.","CompDat",2018-10-18 21:48:13,"StartTime: Thu Oct 18 12:34:24 2018"
"comp_condAALdat_Andre_plotsflt1mkt0_page1.png","Conditional AAL plot, whole catch, FshTrawl (plot 1 of 2)
These plots show mean age and std. dev. in conditional A@L.<br>Left plots are mean A@L by size-class (obs. and pred.) with 90% CIs based on adding 1.64 SE of mean to the data.<br>Right plots in each pair are SE of mean A@L (obs. and pred.) with 90% CIs based on the chi-square distribution.","CompDat",2018-10-18 21:48:13,"StartTime: Thu Oct 18 12:34:24 2018"
"comp_condAALdat_Andre_plotsflt1mkt0_page2.png","Conditional AAL plot, whole catch, FshTrawl (plot 2 of 2)","CompDat",2018-10-18 21:48:13,"StartTime: Thu Oct 18 12:34:24 2018"
"comp_condAALdat_bubflt2mkt0.png","Conditional age-at-length data, whole catch, FshLL (max=1)","CompDat",2018-10-18 21:48:13,"StartTime: Thu Oct 18 12:34:24 2018"
"comp_condAALdat_data_weighting_TA1.8_condAgeFshLL.png","Mean age from conditional data (aggregated across length bins) for FshLL with 95% confidence intervals  based on current samples sizes.","CompDat",2018-10-18 21:48:13,"StartTime: Thu Oct 18 12:34:24 2018"
"comp_condAALdat_Andre_plotsflt2mkt0_page1.png","Conditional AAL plot, whole catch, FshLL (plot 1 of 3)
These plots show mean age and std. dev. in conditional A@L.<br>Left plots are mean A@L by size-class (obs. and pred.) with 90% CIs based on adding 1.64 SE of mean to the data.<br>Right plots in each pair are SE of mean A@L (obs. and pred.) with 90% CIs based on the chi-square distribution.","CompDat",2018-10-18 21:48:13,"StartTime: Thu Oct 18 12:34:24 2018"
"comp_condAALdat_Andre_plotsflt2mkt0_page2.png","Conditional AAL plot, whole catch, FshLL (plot 2 of 3)","CompDat",2018-10-18 21:48:13,"StartTime: Thu Oct 18 12:34:24 2018"
"comp_condAALdat_Andre_plotsflt2mkt0_page3.png","Conditional AAL plot, whole catch, FshLL (plot 3 of 3)","CompDat",2018-10-18 21:48:13,"StartTime: Thu Oct 18 12:34:24 2018"
"comp_condAALdat_bubflt3mkt0.png","Conditional age-at-length data, whole catch, FshPot (max=1)","CompDat",2018-10-18 21:48:13,"StartTime: Thu Oct 18 12:34:24 2018"
"comp_condAALdat_data_weighting_TA1.8_condAgeFshPot.png","Mean age from conditional data (aggregated across length bins) for FshPot with 95% confidence intervals  based on current samples sizes.","CompDat",2018-10-18 21:48:13,"StartTime: Thu Oct 18 12:34:24 2018"
"comp_condAALdat_Andre_plotsflt3mkt0_page1.png","Conditional AAL plot, whole catch, FshPot (plot 1 of 2)
These plots show mean age and std. dev. in conditional A@L.<br>Left plots are mean A@L by size-class (obs. and pred.) with 90% CIs based on adding 1.64 SE of mean to the data.<br>Right plots in each pair are SE of mean A@L (obs. and pred.) with 90% CIs based on the chi-square distribution.","CompDat",2018-10-18 21:48:13,"StartTime: Thu Oct 18 12:34:24 2018"
"comp_condAALdat_Andre_plotsflt3mkt0_page2.png","Conditional AAL plot, whole catch, FshPot (plot 2 of 2)","CompDat",2018-10-18 21:48:13,"StartTime: Thu Oct 18 12:34:24 2018"
"comp_condAALdat_bubflt4mkt0.png","Conditional age-at-length data, whole catch, Srv (max=1)","CompDat",2018-10-18 21:48:13,"StartTime: Thu Oct 18 12:34:24 2018"
"comp_condAALdat_data_weighting_TA1.8_condAgeSrv.png","Mean age from conditional data (aggregated across length bins) for Srv with 95% confidence intervals  based on current samples sizes.","CompDat",2018-10-18 21:48:13,"StartTime: Thu Oct 18 12:34:24 2018"
"comp_condAALdat_Andre_plotsflt4mkt0_page1.png","Conditional AAL plot, whole catch, Srv (plot 1 of 2)
These plots show mean age and std. dev. in conditional A@L.<br>Left plots are mean A@L by size-class (obs. and pred.) with 90% CIs based on adding 1.64 SE of mean to the data.<br>Right plots in each pair are SE of mean A@L (obs. and pred.) with 90% CIs based on the chi-square distribution.","CompDat",2018-10-18 21:48:13,"StartTime: Thu Oct 18 12:34:24 2018"
"comp_condAALdat_Andre_plotsflt4mkt0_page2.png","Conditional AAL plot, whole catch, Srv (plot 2 of 2)","CompDat",2018-10-18 21:48:13,"StartTime: Thu Oct 18 12:34:24 2018"
"comp_lenfit_flt1mkt0_page1.png","Length comps, whole catch, FshTrawl (plot 1 of 3).<br><br>'N adj.' is the input sample size after data-weighting adjustment. N eff. is the calculated effective sample size used in the McAllister-Iannelli tuning method.","LenComp",2018-10-18 21:48:13,"StartTime: Thu Oct 18 12:34:24 2018"
"comp_lenfit_flt1mkt0_page2.png","Length comps, whole catch, FshTrawl (plot 2 of 3)","LenComp",2018-10-18 21:48:13,"StartTime: Thu Oct 18 12:34:24 2018"
"comp_lenfit_flt1mkt0_page3.png","Length comps, whole catch, FshTrawl (plot 3 of 3)","LenComp",2018-10-18 21:48:13,"StartTime: Thu Oct 18 12:34:24 2018"
"comp_lenfit_residsflt1mkt0_page3.png","Pearson residuals, whole catch, FshTrawl (max=7.68) (plot 3 of 3) <br> 
Closed bubbles are positive residuals (observed > expected) and open bubbles are negative residuals (observed < expected).","LenComp",2018-10-18 21:48:13,"StartTime: Thu Oct 18 12:34:24 2018"
"comp_lenfit_sampsize_flt1mkt0.png","N-EffN comparison, Length comps, whole catch, FshTrawl","LenComp",2018-10-18 21:48:13,"StartTime: Thu Oct 18 12:34:24 2018"
"comp_lenfit_data_weighting_TA1.8_FshTrawl.png","Mean length for FshTrawl with 95% confidence intervals based on current samples sizes.<br>Francis data weighting method TA1.8: thinner intervals (with capped ends) show result of further adjusting sample sizes based on suggested multiplier (with 95% interval) for len data from FshTrawl:<br>0.3017 (0.2084-0.5816) <br><br>For more info, see<br> <blockquote>Francis, R.I.C.C. (2011). Data weighting in statistical fisheries stock assessment models. <i>Can. J. Fish. Aquat. Sci.</i> 68: 1124-1138.  <a href=https://doi.org/10.1139/f2011-025> https://doi.org/10.1139/f2011-025</a> </blockquote>","LenComp",2018-10-18 21:48:13,"StartTime: Thu Oct 18 12:34:24 2018"
"comp_lenfit_flt2mkt0_page1.png","Length comps, whole catch, FshLL (plot 1 of 3).<br><br>'N adj.' is the input sample size after data-weighting adjustment. N eff. is the calculated effective sample size used in the McAllister-Iannelli tuning method.","LenComp",2018-10-18 21:48:13,"StartTime: Thu Oct 18 12:34:24 2018"
"comp_lenfit_flt2mkt0_page2.png","Length comps, whole catch, FshLL (plot 2 of 3)","LenComp",2018-10-18 21:48:13,"StartTime: Thu Oct 18 12:34:24 2018"
"comp_lenfit_flt2mkt0_page3.png","Length comps, whole catch, FshLL (plot 3 of 3)","LenComp",2018-10-18 21:48:13,"StartTime: Thu Oct 18 12:34:24 2018"
"comp_lenfit_residsflt2mkt0_page3.png","Pearson residuals, whole catch, FshLL (max=5.34) (plot 3 of 3) <br> 
Closed bubbles are positive residuals (observed > expected) and open bubbles are negative residuals (observed < expected).","LenComp",2018-10-18 21:48:13,"StartTime: Thu Oct 18 12:34:24 2018"
"comp_lenfit_sampsize_flt2mkt0.png","N-EffN comparison, Length comps, whole catch, FshLL","LenComp",2018-10-18 21:48:13,"StartTime: Thu Oct 18 12:34:24 2018"
"comp_lenfit_data_weighting_TA1.8_FshLL.png","Mean length for FshLL with 95% confidence intervals based on current samples sizes.<br>Francis data weighting method TA1.8: thinner intervals (with capped ends) show result of further adjusting sample sizes based on suggested multiplier (with 95% interval) for len data from FshLL:<br>0.4371 (0.3091-0.7273) <br><br>For more info, see<br> <blockquote>Francis, R.I.C.C. (2011). Data weighting in statistical fisheries stock assessment models. <i>Can. J. Fish. Aquat. Sci.</i> 68: 1124-1138.  <a href=https://doi.org/10.1139/f2011-025> https://doi.org/10.1139/f2011-025</a> </blockquote>","LenComp",2018-10-18 21:48:13,"StartTime: Thu Oct 18 12:34:24 2018"
"comp_lenfit_flt3mkt0_page1.png","Length comps, whole catch, FshPot (plot 1 of 2).<br><br>'N adj.' is the input sample size after data-weighting adjustment. N eff. is the calculated effective sample size used in the McAllister-Iannelli tuning method.","LenComp",2018-10-18 21:48:13,"StartTime: Thu Oct 18 12:34:24 2018"
"comp_lenfit_flt3mkt0_page2.png","Length comps, whole catch, FshPot (plot 2 of 2)","LenComp",2018-10-18 21:48:13,"StartTime: Thu Oct 18 12:34:24 2018"
"comp_lenfit_residsflt3mkt0_page2.png","Pearson residuals, whole catch, FshPot (max=4.98) (plot 2 of 2) <br> 
Closed bubbles are positive residuals (observed > expected) and open bubbles are negative residuals (observed < expected).","LenComp",2018-10-18 21:48:13,"StartTime: Thu Oct 18 12:34:24 2018"
"comp_lenfit_sampsize_flt3mkt0.png","N-EffN comparison, Length comps, whole catch, FshPot","LenComp",2018-10-18 21:48:13,"StartTime: Thu Oct 18 12:34:24 2018"
"comp_lenfit_data_weighting_TA1.8_FshPot.png","Mean length for FshPot with 95% confidence intervals based on current samples sizes.<br>Francis data weighting method TA1.8: thinner intervals (with capped ends) show result of further adjusting sample sizes based on suggested multiplier (with 95% interval) for len data from FshPot:<br>0.3258 (0.2516-0.5094) <br><br>For more info, see<br> <blockquote>Francis, R.I.C.C. (2011). Data weighting in statistical fisheries stock assessment models. <i>Can. J. Fish. Aquat. Sci.</i> 68: 1124-1138.  <a href=https://doi.org/10.1139/f2011-025> https://doi.org/10.1139/f2011-025</a> </blockquote>","LenComp",2018-10-18 21:48:13,"StartTime: Thu Oct 18 12:34:24 2018"
"comp_lenfit_flt4mkt0.png","Length comps, whole catch, Srv.<br><br>'N adj.' is the input sample size after data-weighting adjustment. N eff. is the calculated effective sample size used in the McAllister-Iannelli tuning method.","LenComp",2018-10-18 21:48:13,"StartTime: Thu Oct 18 12:34:24 2018"
"comp_lenfit_residsflt4mkt0.png","Pearson residuals, whole catch, Srv (max=8.19) <br> 
Closed bubbles are positive residuals (observed > expected) and open bubbles are negative residuals (observed < expected).","LenComp",2018-10-18 21:48:13,"StartTime: Thu Oct 18 12:34:24 2018"
"comp_lenfit_sampsize_flt4mkt0.png","N-EffN comparison, Length comps, whole catch, Srv","LenComp",2018-10-18 21:48:13,"StartTime: Thu Oct 18 12:34:24 2018"
"comp_lenfit_data_weighting_TA1.8_Srv.png","Mean length for Srv with 95% confidence intervals based on current samples sizes.<br>Francis data weighting method TA1.8: thinner intervals (with capped ends) show result of further adjusting sample sizes based on suggested multiplier (with 95% interval) for len data from Srv:<br>0.625 (0.339-1.9243) <br><br>For more info, see<br> <blockquote>Francis, R.I.C.C. (2011). Data weighting in statistical fisheries stock assessment models. <i>Can. J. Fish. Aquat. Sci.</i> 68: 1124-1138.  <a href=https://doi.org/10.1139/f2011-025> https://doi.org/10.1139/f2011-025</a> </blockquote>","LenComp",2018-10-18 21:48:13,"StartTime: Thu Oct 18 12:34:24 2018"
"comp_lenfit_flt5mkt0_page1.png","Length comps, whole catch, LLSrv (plot 1 of 2).<br><br>'N adj.' is the input sample size after data-weighting adjustment. N eff. is the calculated effective sample size used in the McAllister-Iannelli tuning method.","LenComp",2018-10-18 21:48:13,"StartTime: Thu Oct 18 12:34:24 2018"
"comp_lenfit_flt5mkt0_page2.png","Length comps, whole catch, LLSrv (plot 2 of 2)","LenComp",2018-10-18 21:48:13,"StartTime: Thu Oct 18 12:34:24 2018"
"comp_lenfit_residsflt5mkt0_page2.png","Pearson residuals, whole catch, LLSrv (max=5.43) (plot 2 of 2) <br> 
Closed bubbles are positive residuals (observed > expected) and open bubbles are negative residuals (observed < expected).","LenComp",2018-10-18 21:48:13,"StartTime: Thu Oct 18 12:34:24 2018"
"comp_lenfit_sampsize_flt5mkt0.png","N-EffN comparison, Length comps, whole catch, LLSrv","LenComp",2018-10-18 21:48:13,"StartTime: Thu Oct 18 12:34:24 2018"
"comp_lenfit_data_weighting_TA1.8_LLSrv.png","Mean length for LLSrv with 95% confidence intervals based on current samples sizes.<br>Francis data weighting method TA1.8: thinner intervals (with capped ends) show result of further adjusting sample sizes based on suggested multiplier (with 95% interval) for len data from LLSrv:<br>0.4816 (0.2918-1.1356) <br><br>For more info, see<br> <blockquote>Francis, R.I.C.C. (2011). Data weighting in statistical fisheries stock assessment models. <i>Can. J. Fish. Aquat. Sci.</i> 68: 1124-1138.  <a href=https://doi.org/10.1139/f2011-025> https://doi.org/10.1139/f2011-025</a> </blockquote>","LenComp",2018-10-18 21:48:13,"StartTime: Thu Oct 18 12:34:24 2018"
"comp_lenfit__aggregated_across_time.png","Length comps, aggregated across time by fleet.
 <br> Labels 'retained' and 'discard' indicate discarded or retained sampled for each fleet. Panels without this designation represent the whole catch.
","LenComp",2018-10-18 21:48:13,"StartTime: Thu Oct 18 12:34:24 2018"
"comp_lenfit__page1_multi-fleet_comparison.png","Pearson residuals,  comparing across fleets (plot 1 of 2) <br> 
Closed bubbles are positive residuals (observed > expected) and open bubbles are negative residuals (observed < expected).","LenComp",2018-10-18 21:48:13,"StartTime: Thu Oct 18 12:34:24 2018"
"comp_lenfit__page2_multi-fleet_comparison.png","Pearson residuals,  comparing across fleets (plot 2 of 2)","LenComp",2018-10-18 21:48:13,"StartTime: Thu Oct 18 12:34:24 2018"
"comp_gstagefit_flt1mkt0.png","Ghost age comps, whole catch, FshTrawl.<br><br>'N adj.' is the input sample size after data-weighting adjustment. N eff. is the calculated effective sample size used in the McAllister-Iannelli tuning method.","AgeComp",2018-10-18 21:48:13,"StartTime: Thu Oct 18 12:34:24 2018"
"comp_gstagefit_residsflt1mkt0.png","Pearson residuals, whole catch, FshTrawl (max=NA) <br> 
Closed bubbles are positive residuals (observed > expected) and open bubbles are negative residuals (observed < expected).","AgeComp",2018-10-18 21:48:13,"StartTime: Thu Oct 18 12:34:24 2018"
"comp_gstagefit_flt2mkt0.png","Ghost age comps, whole catch, FshLL.<br><br>'N adj.' is the input sample size after data-weighting adjustment. N eff. is the calculated effective sample size used in the McAllister-Iannelli tuning method.","AgeComp",2018-10-18 21:48:13,"StartTime: Thu Oct 18 12:34:24 2018"
"comp_gstagefit_residsflt2mkt0.png","Pearson residuals, whole catch, FshLL (max=NA) <br> 
Closed bubbles are positive residuals (observed > expected) and open bubbles are negative residuals (observed < expected).","AgeComp",2018-10-18 21:48:13,"StartTime: Thu Oct 18 12:34:24 2018"
"comp_gstagefit_flt3mkt0.png","Ghost age comps, whole catch, FshPot.<br><br>'N adj.' is the input sample size after data-weighting adjustment. N eff. is the calculated effective sample size used in the McAllister-Iannelli tuning method.","AgeComp",2018-10-18 21:48:13,"StartTime: Thu Oct 18 12:34:24 2018"
"comp_gstagefit_residsflt3mkt0.png","Pearson residuals, whole catch, FshPot (max=NA) <br> 
Closed bubbles are positive residuals (observed > expected) and open bubbles are negative residuals (observed < expected).","AgeComp",2018-10-18 21:48:13,"StartTime: Thu Oct 18 12:34:24 2018"
"comp_gstagefit_flt4mkt0.png","Ghost age comps, whole catch, Srv.<br><br>'N adj.' is the input sample size after data-weighting adjustment. N eff. is the calculated effective sample size used in the McAllister-Iannelli tuning method.","AgeComp",2018-10-18 21:48:13,"StartTime: Thu Oct 18 12:34:24 2018"
"comp_gstagefit_residsflt4mkt0.png","Pearson residuals, whole catch, Srv (max=NA) <br> 
Closed bubbles are positive residuals (observed > expected) and open bubbles are negative residuals (observed < expected).","AgeComp",2018-10-18 21:48:13,"StartTime: Thu Oct 18 12:34:24 2018"
"comp_condAALfit_residsflt1mkt0.png","Pearson residuals, whole catch, FshTrawl (max=7.68)","A@LComp",2018-10-18 21:48:13,"StartTime: Thu Oct 18 12:34:24 2018"
"comp_condAALfit_residsflt2mkt0.png","Pearson residuals, whole catch, FshLL (max=8.56)","A@LComp",2018-10-18 21:48:13,"StartTime: Thu Oct 18 12:34:24 2018"
"comp_condAALfit_residsflt3mkt0.png","Pearson residuals, whole catch, FshPot (max=7.99)","A@LComp",2018-10-18 21:48:13,"StartTime: Thu Oct 18 12:34:24 2018"
"comp_condAALfit_residsflt4mkt0.png","Pearson residuals, whole catch, Srv (max=6.39)","A@LComp",2018-10-18 21:48:13,"StartTime: Thu Oct 18 12:34:24 2018"
"comp_condAALfit_data_weighting_TA1.8_condAgeFshTrawl.png","Mean age from conditional data (aggregated across length bins) for FshTrawl with 95% confidence intervals  based on current samples sizes.<br>Francis data weighting method TA1.8: thinner intervals (with capped ends) show result of further adjusting sample sizes based on suggested multiplier (with 95% interval) for conditional age-at-length data from FshTrawl:<br>1.0964 (0.6412-24.347) <br><br>For more info, see<br> <blockquote>Francis, R.I.C.C. (2011). Data weighting in statistical fisheries stock assessment models. <i>Can. J. Fish. Aquat. Sci.</i> 68: 1124-1138.</blockquote>","A@LComp",2018-10-18 21:48:13,"StartTime: Thu Oct 18 12:34:24 2018"
"comp_condAALfit_Andre_plotsflt1mkt0_page1.png","Conditional AAL plot, whole catch, FshTrawl (plot 1 of 2)
These plots show mean age and std. dev. in conditional A@L.<br>Left plots are mean A@L by size-class (obs. and pred.) with 90% CIs based on adding 1.64 SE of mean to the data.<br>Right plots in each pair are SE of mean A@L (obs. and pred.) with 90% CIs based on the chi-square distribution.","A@LComp",2018-10-18 21:48:13,"StartTime: Thu Oct 18 12:34:24 2018"
"comp_condAALfit_Andre_plotsflt1mkt0_page2.png","Conditional AAL plot, whole catch, FshTrawl (plot 2 of 2)","A@LComp",2018-10-18 21:48:13,"StartTime: Thu Oct 18 12:34:24 2018"
"comp_condAALfit_data_weighting_TA1.8_condAgeFshLL.png","Mean age from conditional data (aggregated across length bins) for FshLL with 95% confidence intervals  based on current samples sizes.<br>Francis data weighting method TA1.8: thinner intervals (with capped ends) show result of further adjusting sample sizes based on suggested multiplier (with 95% interval) for conditional age-at-length data from FshLL:<br>0.764 (0.4472-2.7729) <br><br>For more info, see<br> <blockquote>Francis, R.I.C.C. (2011). Data weighting in statistical fisheries stock assessment models. <i>Can. J. Fish. Aquat. Sci.</i> 68: 1124-1138.</blockquote>","A@LComp",2018-10-18 21:48:13,"StartTime: Thu Oct 18 12:34:24 2018"
"comp_condAALfit_Andre_plotsflt2mkt0_page1.png","Conditional AAL plot, whole catch, FshLL (plot 1 of 3)
These plots show mean age and std. dev. in conditional A@L.<br>Left plots are mean A@L by size-class (obs. and pred.) with 90% CIs based on adding 1.64 SE of mean to the data.<br>Right plots in each pair are SE of mean A@L (obs. and pred.) with 90% CIs based on the chi-square distribution.","A@LComp",2018-10-18 21:48:13,"StartTime: Thu Oct 18 12:34:24 2018"
"comp_condAALfit_Andre_plotsflt2mkt0_page2.png","Conditional AAL plot, whole catch, FshLL (plot 2 of 3)","A@LComp",2018-10-18 21:48:13,"StartTime: Thu Oct 18 12:34:24 2018"
"comp_condAALfit_Andre_plotsflt2mkt0_page3.png","Conditional AAL plot, whole catch, FshLL (plot 3 of 3)","A@LComp",2018-10-18 21:48:13,"StartTime: Thu Oct 18 12:34:24 2018"
"comp_condAALfit_data_weighting_TA1.8_condAgeFshPot.png","Mean age from conditional data (aggregated across length bins) for FshPot with 95% confidence intervals  based on current samples sizes.<br>Francis data weighting method TA1.8: thinner intervals (with capped ends) show result of further adjusting sample sizes based on suggested multiplier (with 95% interval) for conditional age-at-length data from FshPot:<br>0.5977 (0.3881-3.5054) <br><br>For more info, see<br> <blockquote>Francis, R.I.C.C. (2011). Data weighting in statistical fisheries stock assessment models. <i>Can. J. Fish. Aquat. Sci.</i> 68: 1124-1138.</blockquote>","A@LComp",2018-10-18 21:48:13,"StartTime: Thu Oct 18 12:34:24 2018"
"comp_condAALfit_Andre_plotsflt3mkt0_page1.png","Conditional AAL plot, whole catch, FshPot (plot 1 of 2)
These plots show mean age and std. dev. in conditional A@L.<br>Left plots are mean A@L by size-class (obs. and pred.) with 90% CIs based on adding 1.64 SE of mean to the data.<br>Right plots in each pair are SE of mean A@L (obs. and pred.) with 90% CIs based on the chi-square distribution.","A@LComp",2018-10-18 21:48:13,"StartTime: Thu Oct 18 12:34:24 2018"
"comp_condAALfit_Andre_plotsflt3mkt0_page2.png","Conditional AAL plot, whole catch, FshPot (plot 2 of 2)","A@LComp",2018-10-18 21:48:13,"StartTime: Thu Oct 18 12:34:24 2018"
"comp_condAALfit_data_weighting_TA1.8_condAgeSrv.png","Mean age from conditional data (aggregated across length bins) for Srv with 95% confidence intervals  based on current samples sizes.<br>Francis data weighting method TA1.8: thinner intervals (with capped ends) show result of further adjusting sample sizes based on suggested multiplier (with 95% interval) for conditional age-at-length data from Srv:<br>0.2092 (0.1311-1.6855) <br><br>For more info, see<br> <blockquote>Francis, R.I.C.C. (2011). Data weighting in statistical fisheries stock assessment models. <i>Can. J. Fish. Aquat. Sci.</i> 68: 1124-1138.</blockquote>","A@LComp",2018-10-18 21:48:13,"StartTime: Thu Oct 18 12:34:24 2018"
"comp_condAALfit_Andre_plotsflt4mkt0_page1.png","Conditional AAL plot, whole catch, Srv (plot 1 of 2)
These plots show mean age and std. dev. in conditional A@L.<br>Left plots are mean A@L by size-class (obs. and pred.) with 90% CIs based on adding 1.64 SE of mean to the data.<br>Right plots in each pair are SE of mean A@L (obs. and pred.) with 90% CIs based on the chi-square distribution.","A@LComp",2018-10-18 21:48:13,"StartTime: Thu Oct 18 12:34:24 2018"
"comp_condAALfit_Andre_plotsflt4mkt0_page2.png","Conditional AAL plot, whole catch, Srv (plot 2 of 2)","A@LComp",2018-10-18 21:48:13,"StartTime: Thu Oct 18 12:34:24 2018"
"yield1_yield_curve.png","Yield curve","Yield",2018-10-18 21:48:13,"StartTime: Thu Oct 18 12:34:24 2018"
"yield2_Hilborn_surplus_production.png","Surplus production plot. For interpretation, see<br> <blockquote>Walters, Hilborn, and  Christensen, 2008, Surplus production dynamics in declining and recovering fish populations. <i>Can. J. Fish. Aquat. Sci.</i> 65: 2536-2551.</blockquote>","Yield",2018-10-18 21:48:13,"StartTime: Thu Oct 18 12:34:24 2018"
"data_plot.png","Data presence by year for each fleet","Data",2018-10-18 21:48:13,"StartTime: Thu Oct 18 12:34:24 2018"
"data_plot2.png","Data presence by year for each fleet, where circle area is relative <br>  within a data type, and proportional to precision for indices and compositions, <br>  and absolute catch for catches.<br>  Note that since the circles are are scaled relative to maximum,<br>  scaling within separate plots should not be compared.","Data",2018-10-18 21:48:13,"StartTime: Thu Oct 18 12:34:24 2018"
